"",X12656,X12657,X12658,X12659,X12660,X12661,X12662,X12663,X12664,X12665,X12666,X12667
ENSRNOG00000000156,0.0976738888924203,0.0,0.0,0.0,0.0,0.175403215132264,4.5853511502588,7.3789607861377,4.69880031416135,4.87867847999162,3.26937256318666,3.86494398779961
ENSRNOG00000007666,1.07441277781662,0.624647551261043,0.7638509493538,0.66296392336559,0.77345578183432,0.482358841613726,5.608867032013,4.88538093427048,5.94626942411569,5.88957582269259,5.06080958411086,5.16999000965402
ENSRNOG00000017109,0.830228055585572,1.07082437359036,1.06090409632472,0.899736753139014,0.464073469100592,0.526209645396792,6.22297656106552,5.64872170525024,4.69880031416135,5.14239083026144,4.70252217992602,5.72212486505396
ENSRNOG00000060522,0.537206388908312,0.26770609339759,0.297053146970922,0.710318489320275,0.309382312733728,0.350806430264528,5.85451084363401,4.4782658564146,7.69272617805177,6.1093361145841,3.94116144603323,5.42096039847217
ENSRNOG00000007951,0.390695555569681,0.312323775630521,0.0,0.047354565954685,0.0515637187889547,0.131552411349198,3.47995399796427,3.5113675465069,3.24341968588128,2.72502761945478,3.09022886109424,2.4093157326543
ENSRNOG00000050933,0.879065000031783,0.758500597959838,0.976031768618745,0.947091319093699,0.360946031522683,0.833165271878255,3.84841971539578,4.78360216480651,5.53044638746424,4.96658259674823,5.10559550963396,5.27037816518128
ENSRNOG00000021817,0.634880277800732,0.356941457863453,0.466797802382878,0.18941826381874,0.77345578183432,0.394657234047594,3.35713209215377,3.91848262436278,3.160255078551,4.13149348756047,4.38902070126428,3.96533214332687
ENSRNOG00000029399,0.341858611123471,0.758500597959838,0.297053146970922,0.710318489320275,0.721892063045366,0.570060449179858,4.62629178552897,4.12204016329071,3.74240732986302,5.75771964755768,5.01602365858775,4.8186314653086
ENSRNOG00000013541,1.51394527783251,0.713882915726906,0.3819254746769,0.56825479145622,0.567200906678502,0.920866879444387,5.07663877350082,5.24160662739437,6.07101633511112,4.96658259674823,5.5086688393419,5.27037816518128
ENSRNOG00000016957,0.537206388908312,0.446176822329316,0.7638509493538,0.710318489320275,0.825019500623275,0.701612860529057,2.78396319837142,3.15514185338302,3.70082502619788,3.82382907891235,3.98594737155634,3.61397359898145
ENSRNOG00000015353,0.732554166693152,0.446176822329316,0.848723277059778,0.47354565954685,0.928146938201184,0.613911252962924,3.56183526850461,3.00247369918706,3.11867277488585,3.1205961448595,3.76201774394081,3.11203282134514
ENSRNOG00000052180,0.390695555569681,0.312323775630521,0.339489310823911,0.994445885048384,0.257818593944773,0.263104822698396,3.4390133626941,4.68182339534254,5.8631048167854,3.25245231999441,3.04544293557113,4.71824330978134
ENSRNOG00000054690,0.293021666677261,0.26770609339759,0.254616983117934,0.852382187184329,0.103127437577909,0.175403215132264,3.93030098593612,4.12204016329071,6.48683937176257,4.30730172107368,2.86629923347871,6.92678273138111
ENSRNOG00000007508,0.14651083333863,0.133853046698795,0.551670130088856,0.426191093592165,0.515637187889547,0.306955626481462,3.80747908012561,4.02026139382675,3.70082502619788,3.34035643675102,2.41843997824767,3.11203282134514
ENSRNOG00000010280,1.02557583337041,0.936971326891564,1.61257422641358,1.13650958291244,1.08283809456805,1.22782250592585,5.69074830255334,4.12204016329071,5.15620565447794,5.23029494701804,4.61295032887981,3.76455583227234
ENSRNOG00000059789,0.244184722231051,0.26770609339759,0.254616983117934,0.852382187184329,0.103127437577909,0.175403215132264,4.01218225647645,4.22381893275468,6.57000397909286,4.5270620129652,3.04544293557113,8.98473991968999
ENSRNOG00000003028,0.439532500015891,0.223088411164658,0.212180819264945,0.28412739572811,0.206254875155819,0.482358841613726,2.00609112823823,2.39180108240325,1.9543682722618,2.59317144431987,2.7319414569094,2.35912165489067
ENSRNOG00000056755,0.927901944477993,0.981589009124496,0.7638509493538,0.56825479145622,0.979710656990139,0.789314468095189,4.95381686769031,3.5113675465069,7.69272617805177,3.99963731242556,5.55345476486501,5.32057224294491
ENSRNOG00000054560,0.683717222246942,1.11544205582329,1.18821258788369,0.805027621229644,1.44378412609073,1.09627009457665,4.13500416228696,3.66403570070286,4.15823036651447,3.99963731242556,4.97123773306465,4.76843738754497
ENSRNOG00000017511,0.732554166693152,0.178470728931726,0.169744655411956,0.047354565954685,0.154691156366864,0.0877016075661321,3.52089463323444,2.9006949297231,3.45133120420701,4.26334966269538,4.70252217992602,3.2124209768724
ENSRNOG00000047741,1.75813000006357,1.47238351368674,1.9096273733845,1.13650958291244,0.721892063045366,1.14012089835972,4.54441051498864,4.83449154953849,4.19981267017961,4.48310995458689,4.79209403097223,5.32057224294491
ENSRNOG00000013928,0.732554166693152,1.29391278475502,1.23064875173668,1.27857328077649,1.95942131398028,0.877016075661321,4.74911369133947,6.05583678310611,3.95031884818874,4.04358937080386,4.83687995649533,4.51746699872681
ENSRNOG00000055714,0.341858611123471,0.223088411164658,0.339489310823911,0.757673055274959,0.360946031522683,0.65776205674599,2.45643811621007,2.2391329282073,3.28500198954643,3.51616467026423,2.95587108452492,2.76067427699972
ENSRNOG00000058108,0.830228055585572,0.580029869028111,0.636542457794834,0.47354565954685,0.464073469100592,0.613911252962924,3.52089463323444,2.03557538927937,7.69272617805177,4.6589181881001,3.53808811632529,3.91513806556324
ENSRNOG00000062131,1.26976055560146,1.02620669135743,1.27308491558967,0.947091319093699,1.23752925093491,1.31552411349198,4.50346987971847,3.30781000757897,3.9087365445236,3.86778113729065,3.58287404184839,4.66804923201771
ENSRNOG00000023686,1.56278222227872,0.847735962425701,0.976031768618745,1.23121871482181,0.979710656990139,2.10483858158717,4.99475750296048,4.63093401061056,4.03348345551903,5.01053465512653,5.06080958411086,4.31669068767229
ENSRNOG00000053909,0.732554166693152,0.803118280192769,1.01846793247173,0.899736753139014,0.721892063045366,1.14012089835972,4.66723242079914,2.64624800606317,9.85500596863929,5.31819906377465,4.5233784778336,5.82251302058122
ENSRNOG00000051253,0.0,0.401559140096385,0.0848723277059778,0.142063697864055,0.257818593944773,0.482358841613726,3.02960700999242,2.54446923659921,2.74443204189955,2.59317144431987,2.06015257406283,2.05795718830888
ENSRNOG00000023683,0.732554166693152,0.803118280192769,0.297053146970922,0.899736753139014,0.360946031522683,0.701612860529057,2.98866637472226,2.64624800606317,2.45335591624354,2.28550703567175,3.49330219080218,3.71436175450871
ENSRNOG00000006170,0.244184722231051,0.936971326891564,0.339489310823911,0.426191093592165,0.206254875155819,0.306955626481462,2.90678510418192,3.46047816177492,3.57607811520244,3.34035643675102,3.22458663766355,2.25873349936341
ENSRNOG00000007706,0.683717222246942,0.580029869028111,0.933595604765756,0.805027621229644,0.77345578183432,0.833165271878255,2.70208192783108,3.206031238115,2.37019130891325,2.46131526918496,2.7767273824325,2.91125651029061
ENSRNOG00000058114,0.927901944477993,0.624647551261043,1.01846793247173,1.5627006765046,0.567200906678502,1.31552411349198,4.54441051498864,3.76581447016683,2.95234356022527,3.64802084539914,4.25466292469497,4.0155262210905
ENSRNOG00000035103,1.36743444449388,0.178470728931726,0.424361638529889,0.66296392336559,0.464073469100592,0.0,5.52698576147267,7.12451386247778,11.1024750785936,8.13113079998603,6.18045772218848,5.42096039847217
ENSRNOG00000029171,0.14651083333863,0.133853046698795,0.3819254746769,0.28412739572811,0.154691156366864,0.175403215132264,2.1698536693189,1.11956646410365,4.94829413615222,3.0766440864812,3.44851626527908,1.50582233290894
ENSRNOG00000003189,0.341858611123471,0.178470728931726,0.254616983117934,0.331481961682795,0.257818593944773,0.789314468095189,1.88326922242772,2.44269046713524,2.57810282723897,2.02179468540193,1.56750739330867,2.00776311054525
ENSRNOG00000054080,1.22092361115525,0.758500597959838,1.1457764240307,0.947091319093699,1.134401813357,0.964717683227453,2.82490383364158,4.22381893275468,2.57810282723897,3.34035643675102,4.34423477574118,3.56377952121782
ENSRNOG00000042634,0.0976738888924203,0.490794504562248,0.3819254746769,0.899736753139014,0.360946031522683,0.394657234047594,3.52089463323444,3.25692062284698,3.11867277488585,2.46131526918496,2.59758368034008,3.81474991003597
ENSRNOG00000001963,0.14651083333863,0.446176822329316,0.339489310823911,0.37883652763748,0.515637187889547,0.745463664312123,2.45643811621007,2.49357985186722,1.53854523561035,2.50526732756326,1.7914370209242,2.25873349936341
ENSRNOG00000061125,0.293021666677261,0.490794504562248,0.636542457794834,0.18941826381874,0.360946031522683,0.526209645396792,2.82490383364158,1.11956646410365,3.74240732986302,2.46131526918496,2.23929627615525,2.66028612147246
ENSRNOG00000003134,1.9046408334022,1.51700119591968,1.44282957100162,0.615609357410905,1.44378412609073,0.964717683227453,4.05312289174662,5.29249601212635,4.03348345551903,4.74682230485671,4.34423477574118,3.66416767674508
ENSRNOG00000017332,0.927901944477993,0.847735962425701,0.721414785500812,0.426191093592165,0.618764625467456,0.482358841613726,1.92420985769789,3.30781000757897,4.07506575918418,3.73592496215575,3.09022886109424,2.00776311054525
ENSRNOG00000042860,1.61161916672493,1.56161887815261,1.18821258788369,1.08915501695775,1.18596553214596,1.09627009457665,5.19946067931132,3.71492508543484,3.07709047122071,3.56011672864253,4.61295032887981,4.06572029885413
ENSRNOG00000011471,2.14882555563325,0.624647551261043,1.10334026017771,0.852382187184329,0.825019500623275,0.964717683227453,5.24040131458149,6.36117309149802,5.19778795814308,4.83472642161332,5.06080958411086,2.55989796594519
ENSRNOG00000019050,1.4651083333863,1.02620669135743,0.80628711320679,0.426191093592165,0.103127437577909,1.71018134753958,5.56792639674283,7.42985017086968,5.03145874348251,4.79077436323501,4.5681644033567,5.01940777636312
ENSRNOG00000061508,0.195347777784841,0.580029869028111,0.594106293941845,0.236772829773425,0.670328344256411,0.43850803783066,1.84232858715755,2.84980554499111,1.82962136126637,1.67017821837551,1.56750739330867,2.25873349936341
ENSRNOG00000001858,2.14882555563325,1.29391278475502,1.27308491558967,1.08915501695775,0.77345578183432,0.701612860529057,3.93030098593612,4.93627031900246,4.6572180104962,4.74682230485671,4.29944885021807,4.11591437661776
ENSRNOG00000027992,0.683717222246942,0.490794504562248,0.551670130088856,0.56825479145622,0.721892063045366,1.05241929079358,2.08797239877856,2.74802677552714,2.45335591624354,2.15365086053684,1.65707924435488,2.00776311054525
ENSRNOG00000049452,0.683717222246942,1.11544205582329,0.678978621647823,0.757673055274959,1.03127437577909,0.877016075661321,2.1698536693189,2.74802677552714,2.07911518325723,2.54921938594157,2.91108515900182,2.20853942159977
ENSRNOG00000021729,1.51394527783251,1.33853046698795,1.61257422641358,1.32592784673118,0.721892063045366,1.35937491727505,3.64371653904494,3.66403570070286,3.74240732986302,3.95568525404726,2.68715553138629,2.96145058805424
ENSRNOG00000007331,0.634880277800732,0.669265233493974,0.212180819264945,0.757673055274959,0.464073469100592,0.526209645396792,2.78396319837142,1.83201785035143,2.45335591624354,2.02179468540193,1.8362229464473,2.15834534383614
ENSRNOG00000010268,1.07441277781662,1.11544205582329,1.40039340714863,1.70476437436866,0.464073469100592,0.613911252962924,4.09406352701679,3.30781000757897,4.2829772775099,2.63712350269817,3.31415848870976,2.91125651029061
ENSRNOG00000049334,0.830228055585572,0.936971326891564,0.339489310823911,0.757673055274959,1.75316643882446,0.877016075661321,3.47995399796427,2.39180108240325,3.45133120420701,2.85688379458969,4.12030514812565,3.46339136569056
ENSRNOG00000058696,1.26976055560146,0.936971326891564,1.27308491558967,1.08915501695775,0.721892063045366,1.18397170214278,3.93030098593612,1.67934969615548,3.82557193719331,3.1205961448595,5.23995328620328,3.56377952121782
ENSRNOG00000003585,0.976738888924203,1.11544205582329,0.636542457794834,0.852382187184329,0.721892063045366,0.745463664312123,2.66114129256091,3.86759323963079,2.53652052357383,3.20850026161611,2.46322590377077,2.61009204370882
ENSRNOG00000047349,1.4651083333863,1.42776583145381,1.27308491558967,1.51534611054992,1.03127437577909,2.10483858158717,2.90678510418192,3.61314631597087,3.36816659687672,3.42826055350762,3.22458663766355,3.2124209768724
ENSRNOG00000038319,0.830228055585572,0.356941457863453,0.80628711320679,0.899736753139014,0.618764625467456,0.570060449179858,2.49737875148024,1.57757092669151,2.07911518325723,2.81293173621138,2.59758368034008,1.90737495501799
ENSRNOG00000002092,1.22092361115525,0.580029869028111,0.848723277059778,0.757673055274959,0.618764625467456,0.570060449179858,2.33361621039957,2.74802677552714,2.28702670158296,2.63712350269817,2.19451035063214,1.85718087725436
ENSRNOG00000058031,0.683717222246942,0.535412186795179,0.212180819264945,0.426191093592165,0.567200906678502,0.306955626481462,2.04703176350839,1.32312400303159,1.62170984294064,1.84598645188872,2.37365405272456,2.66028612147246
ENSRNOG00000025710,0.781391111139362,0.580029869028111,0.891159440912767,0.757673055274959,1.28909296972387,0.306955626481462,2.08797239877856,2.59535862133119,1.99595057592694,2.10969880215854,2.28408220167835,2.86106243252698
ENSRNOG00000042070,1.70929305561736,1.16005973805622,1.57013806256059,1.18386414886712,1.03127437577909,1.66633054375651,2.98866637472226,4.02026139382675,3.160255078551,2.37341115242836,3.40373033975597,3.51358544345419
ENSRNOG00000023698,1.56278222227872,1.29391278475502,1.48526573485461,0.899736753139014,1.03127437577909,1.18397170214278,3.3161914568836,3.25692062284698,3.32658429321157,2.46131526918496,2.50801182929388,2.66028612147246
ENSRNOG00000054485,0.683717222246942,0.758500597959838,0.891159440912767,0.710318489320275,0.721892063045366,0.701612860529057,1.84232858715755,1.67934969615548,2.37019130891325,2.59317144431987,2.23929627615525,1.45562825514531
ENSRNOG00000001367,1.02557583337041,1.29391278475502,1.99449970109048,1.13650958291244,1.44378412609073,1.57862893619038,3.3161914568836,2.49357985186722,4.40772418850534,4.87867847999162,3.09022886109424,3.81474991003597
ENSRNOG00000003066,0.537206388908312,1.07082437359036,0.721414785500812,0.852382187184329,0.670328344256411,1.40322572105811,3.07054764526259,2.69713739079516,2.95234356022527,2.28550703567175,2.10493849958593,2.45950981041793
ENSRNOG00000006631,1.56278222227872,1.96317801824899,1.27308491558967,1.27857328077649,0.979710656990139,2.10483858158717,3.60277590377477,6.00494739837413,2.91076125656013,4.08754142918217,3.44851626527908,3.51358544345419
ENSRNOG00000051494,1.4651083333863,1.29391278475502,1.69744655411956,1.23121871482181,1.18596553214596,0.789314468095189,2.33361621039957,3.5113675465069,3.11867277488585,3.34035643675102,2.46322590377077,3.06183874358151
ENSRNOG00000032609,1.75813000006357,1.07082437359036,1.99449970109048,1.98889177009677,1.18596553214596,0.833165271878255,2.98866637472226,2.64624800606317,7.85905539271234,5.80167170593598,8.28539622177441,3.31280913239966
ENSRNOG00000042961,1.36743444449388,1.16005973805622,1.86719120953151,1.04180045100307,1.18596553214596,1.53477813240731,2.98866637472226,4.12204016329071,2.45335591624354,3.29640437837272,3.49330219080218,2.25873349936341
ENSRNOG00000057040,1.61161916672493,1.33853046698795,1.57013806256059,1.79947350627803,1.34065668851282,1.31552411349198,2.98866637472226,2.54446923659921,3.65924272253273,3.0766440864812,4.43380662678739,2.91125651029061
ENSRNOG00000056062,1.31859750004767,1.24929510252209,1.65501039026657,1.37328241268586,0.979710656990139,0.745463664312123,2.25173493985923,3.5113675465069,2.49493821990868,3.1205961448595,2.46322590377077,2.86106243252698
ENSRNOG00000027469,0.781391111139362,1.33853046698795,1.1457764240307,1.13650958291244,0.825019500623275,0.833165271878255,3.02960700999242,3.15514185338302,3.36816659687672,2.19760291891514,1.92579479749351,2.05795718830888
ENSRNOG00000029881,0.976738888924203,2.49859020504417,1.35795724329565,1.18386414886712,1.08283809456805,1.31552411349198,2.74302256310125,3.66403570070286,2.86917895289498,4.5270620129652,3.89637552051013,2.96145058805424
ENSRNOG00000059245,0.927901944477993,0.936971326891564,0.933595604765756,0.66296392336559,0.77345578183432,0.482358841613726,1.67856604607688,2.08646477401135,1.5801275392755,1.88993851026702,2.41843997824767,1.50582233290894
ENSRNOG00000025220,0.537206388908312,1.42776583145381,1.10334026017771,0.899736753139014,0.464073469100592,0.964717683227453,2.74302256310125,1.67934969615548,3.07709047122071,2.94478791134629,1.92579479749351,2.50970388818156
ENSRNOG00000056358,1.31859750004767,1.02620669135743,1.1457764240307,1.04180045100307,0.825019500623275,0.789314468095189,2.41549748093991,1.98468600454738,2.37019130891325,2.28550703567175,1.88100887197041,2.71048019923609
ENSRNOG00000060557,0.732554166693152,0.936971326891564,1.27308491558967,0.994445885048384,0.928146938201184,1.22782250592585,3.15242891580293,3.30781000757897,2.57810282723897,2.10969880215854,2.32886812720146,1.95756903278162
ENSRNOG00000058862,0.927901944477993,0.803118280192769,1.69744655411956,0.899736753139014,0.825019500623275,1.09627009457665,2.41549748093991,2.13735415874333,2.41177361257839,2.15365086053684,2.32886812720146,2.55989796594519
ENSRNOG00000020505,1.17208666670904,0.758500597959838,1.73988271797255,1.5627006765046,1.03127437577909,2.14868938537024,3.23431018634326,1.88290723508341,4.15823036651447,3.82382907891235,3.80680366946392,5.11979593189039
ENSRNOG00000017108,0.634880277800732,0.446176822329316,0.509233966235867,0.805027621229644,0.721892063045366,0.65776205674599,1.63762541080672,1.83201785035143,1.9543682722618,1.18670557621418,1.92579479749351,1.35524009961804
ENSRNOG00000055299,1.36743444449388,0.580029869028111,1.01846793247173,1.61005524245929,0.928146938201184,1.35937491727505,2.94772573945209,2.69713739079516,2.7028497382344,3.42826055350762,2.7767273824325,2.05795718830888
ENSRNOG00000014008,1.02557583337041,1.42776583145381,0.976031768618745,0.947091319093699,1.23752925093491,0.789314468095189,2.41549748093991,2.39180108240325,2.28702670158296,1.67017821837551,2.55279775481698,2.81086835476335
ENSRNOG00000036877,1.4651083333863,0.936971326891564,1.31552107944266,1.32592784673118,0.670328344256411,0.877016075661321,2.1698536693189,2.49357985186722,2.95234356022527,2.50526732756326,1.88100887197041,2.50970388818156
ENSRNOG00000054841,1.51394527783251,0.624647551261043,0.891159440912767,1.5627006765046,0.515637187889547,1.27167330970892,2.12891303404873,2.64624800606317,2.57810282723897,2.76897967783308,2.19451035063214,2.4093157326543
ENSRNOG00000037137,0.927901944477993,0.892353644658632,0.636542457794834,0.56825479145622,0.825019500623275,0.877016075661321,2.25173493985923,1.67934969615548,2.28702670158296,1.97784262702363,1.8362229464473,1.75679272172709
ENSRNOG00000027770,0.879065000031783,0.223088411164658,0.297053146970922,0.710318489320275,0.515637187889547,0.920866879444387,2.2926755751294,1.57757092669151,2.12069748692238,1.88993851026702,1.43314961673936,1.45562825514531
ENSRNOG00000046546,1.61161916672493,1.11544205582329,1.10334026017771,1.32592784673118,1.28909296972387,1.31552411349198,2.74302256310125,2.44269046713524,2.45335591624354,2.81293173621138,3.04544293557113,2.00776311054525
ENSRNOG00000047960,0.781391111139362,0.758500597959838,1.18821258788369,1.18386414886712,0.721892063045366,0.920866879444387,1.84232858715755,2.13735415874333,2.07911518325723,1.75808233513212,2.10493849958593,1.90737495501799
ENSRNOG00000020136,0.586043333354522,0.580029869028111,0.636542457794834,0.37883652763748,0.464073469100592,1.09627009457665,2.21079430458907,2.13735415874333,2.82759664922984,1.18670557621418,1.34357776569315,1.90737495501799
ENSRNOG00000029582,2.14882555563325,2.05241338271485,1.18821258788369,1.51534611054992,0.979710656990139,1.35937491727505,2.86584446891175,3.86759323963079,3.24341968588128,2.81293173621138,3.04544293557113,3.26261505463603
ENSRNOG00000018631,1.61161916672493,0.535412186795179,0.594106293941845,0.947091319093699,0.721892063045366,1.05241929079358,1.67856604607688,1.83201785035143,2.53652052357383,2.19760291891514,3.17980071214045,2.4093157326543
ENSRNOG00000014143,1.02557583337041,0.580029869028111,0.254616983117934,0.947091319093699,0.618764625467456,0.964717683227453,1.55574414026638,1.67934969615548,1.5801275392755,2.37341115242836,3.26937256318666,2.15834534383614
ENSRNOG00000059141,0.341858611123471,0.0892353644658632,0.891159440912767,0.66296392336559,0.154691156366864,0.526209645396792,2.66114129256091,0.814230155711746,4.49088879583563,1.80203439351042,1.43314961673936,1.85718087725436
ENSRNOG00000013825,0.683717222246942,1.47238351368674,1.27308491558967,1.42063697864055,1.28909296972387,1.53477813240731,3.84841971539578,1.9337966198154,4.11664806284932,2.37341115242836,2.23929627615525,2.96145058805424
ENSRNOG00000017648,0.976738888924203,1.96317801824899,0.976031768618745,1.32592784673118,1.03127437577909,1.09627009457665,2.57926002202058,3.40958877704294,2.49493821990868,2.41736321080666,2.95587108452492,1.90737495501799
ENSRNOG00000058132,1.56278222227872,1.74008960708433,1.31552107944266,1.32592784673118,0.670328344256411,1.05241929079358,3.27525082161343,2.69713739079516,3.57607811520244,2.90083585296799,2.23929627615525,3.46339136569056
ENSRNOG00000002419,1.56278222227872,1.29391278475502,1.40039340714863,1.61005524245929,2.11411247034714,0.570060449179858,3.39807272742393,2.84980554499111,3.40974890054186,2.68107556107648,3.26937256318666,3.31280913239966
ENSRNOG00000056843,2.83254277788019,1.65085424261847,1.73988271797255,1.18386414886712,2.06254875155819,1.49092732862425,3.76653844485545,4.58004462587857,3.65924272253273,3.91173319566896,3.71723181841771,2.96145058805424
ENSRNOG00000001379,1.12324972226283,0.713882915726906,0.509233966235867,0.66296392336559,0.567200906678502,0.65776205674599,2.21079430458907,1.47579215722754,1.49696293194521,1.67017821837551,1.65707924435488,1.90737495501799
ENSRNOG00000004889,0.781391111139362,0.803118280192769,0.721414785500812,0.520900225501535,0.87658321941223,1.14012089835972,1.76044731661722,1.98468600454738,1.82962136126637,2.06574674378024,1.70186516987799,1.15446378856352
ENSRNOG00000037406,0.879065000031783,0.669265233493974,0.721414785500812,1.13650958291244,0.206254875155819,0.482358841613726,1.67856604607688,1.57757092669151,1.91278596859666,1.88993851026702,1.70186516987799,1.40543417738167
ENSRNOG00000024870,1.17208666670904,1.24929510252209,1.06090409632472,1.5627006765046,1.03127437577909,1.75403215132264,3.15242891580293,3.30781000757897,2.57810282723897,2.72502761945478,2.32886812720146,2.66028612147246
ENSRNOG00000008949,1.26976055560146,1.6954719248514,1.86719120953151,1.32592784673118,0.825019500623275,1.71018134753958,4.42158860917813,2.74802677552714,2.86917895289498,2.54921938594157,2.82151330795561,3.41319728792692
ENSRNOG00000010205,0.927901944477993,0.981589009124496,1.06090409632472,1.18386414886712,1.5984752824576,1.57862893619038,2.25173493985923,2.79891616025913,1.5801275392755,3.38430849512932,2.37365405272456,3.01164466581787
ENSRNOG00000019270,0.879065000031783,0.981589009124496,1.27308491558967,0.66296392336559,1.03127437577909,1.57862893619038,2.78396319837142,2.08646477401135,2.12069748692238,2.10969880215854,2.28408220167835,2.66028612147246
ENSRNOG00000045543,0.341858611123471,0.669265233493974,0.678978621647823,0.899736753139014,0.87658321941223,0.306955626481462,1.35104096391554,2.44269046713524,2.03753287959209,1.67017821837551,1.25400591464694,1.6062104884362
ENSRNOG00000012681,0.781391111139362,0.713882915726906,1.23064875173668,1.13650958291244,0.979710656990139,1.09627009457665,1.92420985769789,1.52668154195952,1.66329214660579,1.88993851026702,3.17980071214045,1.90737495501799
ENSRNOG00000050042,1.12324972226283,0.580029869028111,1.40039340714863,0.947091319093699,1.18596553214596,0.701612860529057,2.1698536693189,1.37401338776357,2.20386209425267,1.93389056864533,2.41843997824767,2.25873349936341
ENSRNOG00000011640,0.634880277800732,1.38314814922088,0.848723277059778,0.47354565954685,1.134401813357,0.745463664312123,1.63762541080672,1.62846031142349,1.91278596859666,2.19760291891514,2.59758368034008,1.65640456619983
ENSRNOG00000030316,0.879065000031783,1.07082437359036,1.73988271797255,0.994445885048384,1.44378412609073,1.22782250592585,2.49737875148024,2.64624800606317,2.37019130891325,2.19760291891514,3.35894441423287,3.11203282134514
ENSRNOG00000053081,1.9046408334022,1.96317801824899,1.9096273733845,1.32592784673118,1.80473015761341,1.79788295510571,4.99475750296048,4.07115077855873,4.11664806284932,3.95568525404726,3.31415848870976,2.45950981041793
ENSRNOG00000008346,1.12324972226283,0.758500597959838,0.848723277059778,0.615609357410905,0.979710656990139,1.00856848701052,1.92420985769789,3.25692062284698,1.82962136126637,1.67017821837551,1.70186516987799,1.55601641067257
ENSRNOG00000021735,1.22092361115525,0.446176822329316,1.27308491558967,1.46799154459523,0.979710656990139,1.09627009457665,3.84841971539578,2.08646477401135,2.28702670158296,2.28550703567175,2.19451035063214,2.10815126607251
ENSRNOG00000017702,1.07441277781662,1.33853046698795,0.721414785500812,0.805027621229644,0.721892063045366,0.789314468095189,1.55574414026638,1.98468600454738,2.66126743456926,2.06574674378024,1.56750739330867,2.05795718830888
ENSRNOG00000054296,0.830228055585572,1.47238351368674,1.23064875173668,0.899736753139014,1.44378412609073,1.35937491727505,1.63762541080672,1.47579215722754,2.3286090052481,3.20850026161611,6.13567179666537,3.31280913239966
ENSRNOG00000008591,0.830228055585572,0.936971326891564,0.933595604765756,0.947091319093699,0.77345578183432,0.964717683227453,1.59668477553655,0.966898309907698,1.91278596859666,2.06574674378024,2.19451035063214,2.35912165489067
ENSRNOG00000021536,1.22092361115525,0.490794504562248,0.848723277059778,1.42063697864055,1.23752925093491,0.570060449179858,2.37455684566974,1.42490277249556,2.20386209425267,1.75808233513212,2.06015257406283,2.45950981041793
ENSRNOG00000035620,0.830228055585572,1.02620669135743,0.891159440912767,1.23121871482181,0.464073469100592,0.877016075661321,1.92420985769789,2.03557538927937,2.12069748692238,2.06574674378024,1.52272146778557,1.80698679949072
ENSRNOG00000018400,1.02557583337041,0.580029869028111,0.678978621647823,0.66296392336559,1.28909296972387,1.05241929079358,1.51480350499621,1.22134523356762,2.91076125656013,1.88993851026702,2.14972442510904,1.40543417738167
ENSRNOG00000048755,1.26976055560146,0.624647551261043,0.7638509493538,0.520900225501535,0.464073469100592,1.00856848701052,1.0235158817542,1.57757092669151,1.91278596859666,1.97784262702363,1.47793554226246,1.85718087725436
ENSRNOG00000027456,0.586043333354522,0.490794504562248,1.31552107944266,0.520900225501535,1.08283809456805,0.394657234047594,1.31010032864537,1.2722346182996,1.99595057592694,1.450417926484,1.74665109540109,1.70659864396346
ENSRNOG00000006956,2.05115166674083,1.56161887815261,1.65501039026657,1.84682807223271,1.95942131398028,1.53477813240731,5.97733274944451,4.07115077855873,4.2829772775099,2.85688379458969,1.56750739330867,3.41319728792692
ENSRNOG00000002701,0.390695555569681,0.490794504562248,0.7638509493538,0.805027621229644,1.44378412609073,0.570060449179858,1.10539715229453,2.03557538927937,1.5801275392755,1.75808233513212,2.41843997824767,1.6062104884362
ENSRNOG00000052989,1.36743444449388,0.446176822329316,0.424361638529889,1.8941826381874,0.412509750311638,0.394657234047594,2.90678510418192,0.661562001515794,4.74038261782649,4.43915789620859,3.53808811632529,3.06183874358151
ENSRNOG00000029897,1.26976055560146,0.713882915726906,1.31552107944266,0.56825479145622,0.309382312733728,0.263104822698396,1.35104096391554,2.34091169767127,1.9543682722618,2.24155497729345,1.97058072301662,1.65640456619983
ENSRNOG00000020150,0.488369444462101,0.535412186795179,0.7638509493538,1.18386414886712,0.928146938201184,0.964717683227453,2.04703176350839,1.06867707937167,1.45538062828006,1.84598645188872,1.65707924435488,1.85718087725436
ENSRNOG00000010594,0.879065000031783,0.535412186795179,0.933595604765756,1.13650958291244,0.618764625467456,0.833165271878255,2.08797239877856,2.44269046713524,1.45538062828006,1.40646586810569,1.38836369121625,1.95756903278162
ENSRNOG00000033115,1.70929305561736,1.42776583145381,2.12180819264945,1.32592784673118,1.23752925093491,1.40322572105811,1.31010032864537,3.10425246865103,15.1359585341127,1.5383220432406,5.73259846695743,1.95756903278162
ENSRNOG00000062155,1.36743444449388,0.981589009124496,1.48526573485461,1.13650958291244,0.567200906678502,1.66633054375651,2.1698536693189,1.32312400303159,2.78601434556469,4.87867847999162,1.8362229464473,2.71048019923609
ENSRNOG00000059887,1.17208666670904,0.356941457863453,0.80628711320679,0.852382187184329,0.257818593944773,0.350806430264528,2.49737875148024,0.712451386247778,2.3286090052481,4.17544554593877,2.41843997824767,1.90737495501799
ENSRNOG00000014505,0.586043333354522,0.981589009124496,0.721414785500812,1.51534611054992,0.979710656990139,0.350806430264528,1.67856604607688,1.78112846561944,1.37221602094977,1.05484940107927,2.46322590377077,1.95756903278162
ENSRNOG00000038242,0.390695555569681,0.669265233493974,1.57013806256059,2.08360090200614,0.77345578183432,0.350806430264528,2.1698536693189,2.54446923659921,2.57810282723897,2.41736321080666,1.88100887197041,1.90737495501799
ENSRNOG00000033680,1.41627138894009,0.669265233493974,0.509233966235867,0.37883652763748,0.721892063045366,1.31552411349198,1.39198159918571,2.59535862133119,1.78803905760122,1.01089734270097,1.56750739330867,2.25873349936341
ENSRNOG00000056147,1.26976055560146,0.356941457863453,0.848723277059778,0.757673055274959,0.309382312733728,0.306955626481462,2.04703176350839,0.559783232051825,1.87120366493151,3.51616467026423,1.74665109540109,2.10815126607251
ENSRNOG00000061492,0.976738888924203,0.847735962425701,1.01846793247173,0.805027621229644,0.670328344256411,0.920866879444387,4.13500416228696,0.916008925175714,2.03753287959209,0.966945284322663,1.92579479749351,0.602328933163575
ENSRNOG00000032148,0.732554166693152,0.847735962425701,0.976031768618745,1.04180045100307,0.825019500623275,0.964717683227453,1.35104096391554,0.61067261678381,1.03955759162862,7.95532256647282,0.895718510462098,1.70659864396346
